{
    "filename": "_cameraHelix_VoxieCamTunerSettings.json",
    "posX": 0.019999999552965165,
    "posY": 1.9499996900558472,
    "posZ": 0.0,
    "rotX": 0.0,
    "rotY": 0.0,
    "rotZ": 0.0,
    "rotW": 1.0,
    "scaX": 10.0,
    "scaY": 10.0,
    "scaZ": 10.0
}